,work_year,experience_level,salary_in_usd,remote_ratio,company_location,company_size,senior,employment_type_CT,employment_type_FL,employment_type_FT,employment_type_PT,roles_AI,roles_AN,roles_CV,roles_DE,roles_DS,roles_ML,roles_OT,roles_RE,away
0,1,2,79833,0.0,28,3,0,0,0,1,0,0,0,0,0,1,0,0,0,0
1,1,3,260000,0.0,6,1,0,0,0,1,0,0,0,0,0,0,1,0,0,0
2,1,3,109024,0.5,47,2,0,0,0,1,0,0,0,0,1,0,0,0,0,0
3,1,2,20000,0.0,1,1,0,0,0,1,0,0,1,0,0,0,0,0,0,0
4,1,3,150000,0.5,355,3,0,0,0,1,0,0,0,0,0,0,1,0,0,0
5,1,1,72000,1.0,355,3,0,0,0,1,0,0,1,0,0,0,0,0,0,0
6,1,3,190000,1.0,355,1,1,0,0,1,0,0,0,0,0,1,0,0,0,0
7,1,2,35735,0.5,1,3,0,0,0,1,0,0,0,0,0,1,0,0,0,0
8,1,2,135000,1.0,355,3,0,0,0,1,0,0,1,0,0,0,0,0,0,0
9,1,3,125000,0.5,1,1,1,0,0,1,0,0,0,0,1,0,0,0,0,0
10,1,1,51321,0.0,15,1,0,0,0,1,0,0,0,0,0,1,0,0,0,0
11,1,2,40481,0.0,24,3,0,0,0,1,0,0,0,0,0,1,0,0,0,0
12,1,1,39916,0.0,15,2,0,0,0,1,0,0,0,0,0,1,0,0,0,0
13,1,2,87000,1.0,355,3,1,0,0,1,0,0,1,0,0,0,0,0,0,0
14,1,2,85000,1.0,355,3,0,0,0,1,0,0,1,0,0,0,0,0,0,0
15,1,2,8000,0.5,3,3,0,0,0,1,0,0,1,0,0,0,0,0,0,0
16,1,1,41689,1.0,6,1,0,0,0,1,0,0,0,0,1,0,0,0,0,0
17,1,3,114047,1.0,47,1,0,0,0,1,0,0,0,0,1,0,0,0,0,1
18,1,1,5707,0.5,24,2,0,0,0,1,0,0,0,0,0,1,0,0,0,0
19,1,2,56000,1.0,355,2,1,0,0,1,0,0,0,0,1,0,0,0,0,1
20,1,2,43331,0.0,2,2,0,0,0,1,0,0,0,0,0,0,1,0,0,0
21,1,2,6072,1.0,24,3,0,0,0,1,0,0,1,0,0,0,0,0,0,0
22,1,3,47899,0.5,11,3,0,0,0,1,0,0,0,0,1,0,0,0,0,0
23,1,2,98000,0.0,355,2,0,0,0,1,0,0,1,0,0,0,0,0,0,0
24,1,2,115000,0.0,3,3,1,0,0,1,0,0,0,0,0,1,0,0,0,0
25,1,4,325000,1.0,355,3,1,0,0,1,0,0,0,0,0,1,0,0,0,0
26,1,1,42000,0.5,4,3,0,0,0,1,0,0,0,0,0,0,0,0,1,0
27,1,3,33511,0.0,3,1,0,0,0,1,0,0,0,0,1,0,0,0,0,0
28,1,1,100000,1.0,355,3,0,1,0,0,0,0,1,0,0,0,0,0,0,0
29,1,3,117104,0.5,30,3,0,0,0,1,0,0,0,0,0,0,1,0,0,0
30,1,2,59303,1.0,28,1,0,0,0,1,0,0,0,0,1,0,0,0,0,0
31,1,1,70000,1.0,355,3,0,0,0,1,0,0,0,0,1,0,0,0,0,0
32,1,3,68428,1.0,355,3,0,0,0,1,0,0,0,0,0,1,0,0,0,1
33,1,2,450000,0.0,355,2,0,0,0,1,0,0,0,0,0,0,0,0,1,0
34,1,2,46759,0.5,15,3,0,0,0,1,0,0,1,0,0,0,0,0,0,0
35,1,2,74130,0.5,4,3,0,0,0,1,0,0,0,0,1,0,0,0,0,0
36,1,2,103000,1.0,355,3,0,0,0,1,0,0,0,0,0,1,0,0,0,0
37,1,1,250000,0.5,355,3,0,0,0,1,0,0,0,0,0,0,1,0,0,0
38,1,1,10000,1.0,2,1,0,0,0,1,0,0,1,0,0,0,0,0,0,0
39,1,1,138000,1.0,355,1,0,0,0,1,0,0,0,0,0,0,1,0,0,0
40,1,2,45760,1.0,355,1,0,0,0,1,0,0,0,0,0,1,0,0,0,1
41,1,4,79833,0.5,14,3,0,0,0,1,0,0,0,0,1,0,0,0,0,0
42,1,2,50180,0.0,4,2,0,0,0,1,0,0,0,0,0,0,1,0,0,0
43,1,2,106000,1.0,355,3,0,0,0,1,0,0,0,0,1,0,0,0,0,0
44,1,2,112872,0.5,47,3,0,0,0,1,0,0,0,0,1,0,0,0,0,0
45,1,1,15966,1.0,28,1,0,0,0,0,1,0,0,0,0,0,1,0,0,0
46,1,2,76958,1.0,47,1,0,0,0,1,0,0,0,0,0,1,0,0,0,0
47,1,3,188000,1.0,355,3,0,0,0,1,0,0,0,0,1,0,0,0,0,0
48,1,2,105000,1.0,355,3,0,0,0,1,0,0,0,0,0,1,0,0,0,0
49,1,2,70139,0.5,15,3,0,0,0,1,0,0,0,0,1,0,0,0,0,0
50,1,1,6072,0.0,24,1,0,0,0,1,0,0,1,0,0,0,0,0,0,0
51,1,1,91000,1.0,355,3,0,0,0,1,0,0,1,0,0,0,0,0,0,0
52,1,1,45896,0.5,3,1,0,0,0,1,0,1,0,0,0,0,0,0,0,0
53,1,1,54742,1.0,28,3,0,0,0,1,0,0,0,0,1,0,0,0,0,1
54,1,3,60000,1.0,355,1,0,0,1,0,0,0,0,1,0,0,0,0,0,1
55,1,3,148261,1.0,28,2,1,0,0,1,0,0,0,0,0,1,0,0,0,0
56,1,2,38776,1.0,14,2,0,0,0,1,0,0,0,0,0,1,0,0,0,0
57,1,2,118000,1.0,355,2,0,0,0,1,0,0,0,0,0,1,0,0,0,0
58,1,3,120000,0.5,355,3,0,0,0,1,0,0,0,0,0,1,0,0,0,0
59,1,2,138350,1.0,355,2,0,0,0,1,0,0,0,0,0,1,0,0,0,0
60,1,2,110000,1.0,355,3,0,0,0,1,0,0,0,0,1,0,0,0,0,0
61,1,2,130800,1.0,355,2,0,0,0,1,0,0,0,0,1,0,0,0,0,1
62,1,1,21669,0.5,2,1,0,0,0,0,1,0,0,0,0,1,0,0,0,0
63,1,3,412000,1.0,355,3,0,0,0,1,0,0,0,0,0,1,0,0,0,0
64,1,3,45618,1.0,1,1,0,0,0,1,0,0,0,0,0,0,1,0,0,0
65,1,1,62726,0.5,28,1,0,0,0,1,0,0,0,0,0,1,0,0,0,0
66,1,1,49268,0.0,28,1,0,0,0,1,0,0,0,0,0,1,0,0,0,0
67,1,3,190200,1.0,355,2,0,0,0,1,0,0,0,0,0,1,0,0,0,0
68,1,1,105000,1.0,355,1,0,0,0,1,0,0,0,0,0,1,0,0,0,0
69,1,3,91237,0.0,4,1,0,0,0,1,0,0,0,0,0,1,0,0,0,0
70,1,2,62726,0.5,3,1,0,0,0,1,0,0,0,0,0,1,0,0,0,1
71,1,2,42197,0.5,15,1,0,0,0,1,0,0,0,0,0,1,0,0,0,0
72,2,1,82528,0.5,47,3,0,0,0,1,0,0,0,0,0,0,0,0,1,0
73,2,4,150000,1.0,355,3,0,0,0,1,0,0,1,0,0,0,0,0,0,1
74,2,4,235000,1.0,355,3,1,0,0,1,0,0,0,0,0,0,0,1,0,0
75,2,3,53192,0.5,15,3,0,0,0,1,0,0,0,0,0,1,0,0,0,0
76,2,2,100000,1.0,355,2,0,0,0,1,0,0,1,0,0,0,0,0,0,0
77,2,2,5409,0.5,24,2,0,0,0,0,1,0,0,0,0,0,0,0,1,0
78,2,2,270000,1.0,355,3,0,1,0,0,0,0,0,0,0,0,1,0,0,0
79,2,1,80000,1.0,355,2,0,0,0,1,0,0,1,0,0,0,0,0,0,0
80,2,3,79197,1.0,28,3,0,0,0,1,0,0,1,0,0,0,0,0,0,0
81,2,2,140000,1.0,355,3,0,0,0,1,0,0,0,0,1,0,0,0,0,0
82,2,2,54238,0.5,30,3,0,0,0,1,0,0,0,0,0,1,0,0,0,1
83,2,2,47282,1.0,14,1,0,0,0,1,0,0,0,0,0,0,1,0,0,0
84,2,4,153667,1.0,4,3,1,0,0,1,0,0,0,0,0,1,0,0,0,1
85,2,2,28476,1.0,4,3,0,0,0,1,0,0,0,0,1,0,0,0,0,0
86,2,1,59102,0.5,15,2,0,0,0,1,0,0,1,0,0,0,0,0,0,0
87,2,2,110000,1.0,355,3,0,0,0,1,0,0,1,0,0,0,0,0,0,0
88,2,3,170000,1.0,355,3,1,0,0,1,0,0,1,0,0,0,0,0,0,0
89,2,3,80000,1.0,355,1,0,0,0,1,0,0,1,0,0,0,0,0,0,1
90,2,3,88654,1.0,3,3,0,0,0,1,0,0,1,0,0,0,0,0,0,1
91,2,1,76833,1.0,28,1,0,0,0,1,0,0,0,0,0,1,0,0,0,0
92,2,2,19609,1.0,24,3,1,0,0,1,0,0,1,0,0,0,0,0,0,0
93,2,3,276000,0.0,355,3,1,0,0,1,0,0,0,0,1,0,0,0,0,0
94,2,1,29751,0.5,24,3,0,0,0,1,0,0,0,0,0,1,0,0,0,0
95,2,2,89294,0.5,1,3,0,0,0,1,0,0,0,0,1,0,0,0,0,0
96,2,1,12000,1.0,355,1,0,0,0,0,1,1,0,0,0,0,0,0,0,1
97,2,2,450000,1.0,355,3,0,0,0,1,0,0,1,0,0,0,0,0,0,0
98,2,1,70000,1.0,355,2,0,0,0,1,0,0,0,1,0,0,0,0,0,0
99,2,2,95746,1.0,355,1,0,0,0,1,0,0,0,1,0,0,0,0,0,1
100,2,2,75000,0.0,355,3,0,0,0,1,0,0,1,0,0,0,0,0,0,0
101,2,3,150000,1.0,355,3,0,0,0,1,0,0,0,0,1,0,0,0,0,0
102,2,2,36259,0.5,355,3,0,0,0,1,0,0,1,0,0,0,0,0,0,1
103,2,2,62000,0.0,355,3,0,0,0,1,0,0,1,0,0,0,0,0,0,0
104,2,2,73000,0.0,355,3,0,0,0,1,0,0,0,0,0,1,0,0,0,0
105,2,2,51519,0.5,47,3,0,0,0,1,0,0,1,0,0,0,0,0,0,0
106,2,2,187442,1.0,30,3,0,0,0,1,0,0,0,0,0,0,0,0,1,0
107,2,3,115000,1.0,355,1,0,0,0,1,0,0,0,0,1,0,0,0,0,0
108,2,3,150000,1.0,355,2,0,0,0,1,0,0,0,0,1,0,0,0,0,0
109,2,1,30428,1.0,24,3,0,0,0,1,0,0,0,0,1,0,0,0,0,0
110,2,3,94564,0.5,28,3,0,0,0,1,0,0,0,0,0,0,1,0,0,0
111,2,3,113476,1.0,47,2,1,0,0,1,0,0,0,0,1,0,0,0,0,0
112,2,3,103160,1.0,47,1,1,0,0,1,0,0,0,0,1,0,0,0,0,0
113,2,1,12000,1.0,355,2,0,0,0,0,1,1,0,0,0,0,0,0,0,1
114,2,2,45391,1.0,4,3,0,0,0,1,0,0,0,0,1,0,0,0,0,0
115,2,1,225000,1.0,355,3,0,0,0,1,0,0,0,0,0,0,1,0,0,0
116,2,2,50000,1.0,2,3,0,0,0,1,0,0,0,0,0,1,0,0,0,0
117,2,2,40189,1.0,11,2,0,0,0,1,0,0,0,0,0,1,0,0,0,0
118,2,1,90000,1.0,355,1,0,0,0,1,0,0,1,0,0,0,0,0,0,0
119,2,2,200000,1.0,355,3,0,0,0,1,0,0,0,0,1,0,0,0,0,0
120,2,2,60000,0.5,1,2,0,0,0,1,0,0,0,0,1,0,0,0,0,1
121,2,3,200000,1.0,355,2,1,0,0,1,0,0,0,0,1,0,0,0,0,0
122,2,1,50000,1.0,355,2,0,0,0,1,0,0,1,0,0,0,0,0,0,0
123,2,1,110037,0.0,47,3,0,0,0,1,0,0,0,0,0,1,0,0,0,0
124,2,1,10354,0.5,14,2,0,0,0,0,1,0,1,0,0,0,0,0,0,0
125,2,2,151000,1.0,355,3,1,0,0,1,0,0,0,0,0,1,0,0,0,0
126,2,3,120000,0.5,355,1,0,0,0,1,0,0,0,0,0,0,1,0,0,0
127,2,2,9466,0.0,24,1,0,0,0,1,0,0,0,0,0,1,0,0,0,0
128,2,1,20000,1.0,24,1,0,0,0,1,0,0,0,0,0,0,1,0,0,0
129,2,3,40570,0.5,24,3,1,0,0,1,0,0,0,0,0,1,0,0,0,0
130,2,1,100000,0.5,1,1,0,0,0,1,0,0,0,0,0,0,1,0,0,0
131,2,1,49646,0.5,15,2,0,0,0,1,0,0,0,0,0,1,0,0,0,0
132,2,2,38400,1.0,355,2,0,0,0,1,0,0,0,0,0,0,1,0,0,1
133,2,3,24000,1.0,3,2,0,0,0,1,0,0,0,1,0,0,0,0,0,0
134,2,1,100000,0.0,355,1,0,0,0,1,0,0,0,0,0,1,0,0,0,0
135,2,2,90000,1.0,355,2,0,0,0,1,0,0,1,0,0,0,0,0,0,0
136,2,2,63711,0.5,6,1,0,0,0,1,0,0,0,0,0,0,1,0,0,0
137,2,2,77364,0.5,6,1,0,0,0,1,0,0,0,0,0,0,1,0,0,0
138,2,3,220000,0.0,355,3,1,0,0,1,0,0,0,0,0,1,0,0,0,0
139,2,1,80000,1.0,355,2,0,0,0,1,0,0,0,0,0,1,0,0,0,0
140,2,2,135000,1.0,355,3,0,0,0,1,0,0,1,0,0,0,0,0,0,0
141,2,3,240000,0.0,355,3,0,0,0,1,0,0,0,0,0,1,0,0,0,0
142,2,3,150000,0.0,355,3,0,0,0,1,0,0,0,0,1,0,0,0,0,0
143,2,2,82500,1.0,355,1,0,0,0,1,0,0,0,0,0,1,0,0,0,0
144,2,2,100000,1.0,355,3,0,0,0,1,0,0,0,0,1,0,0,0,0,0
145,2,3,82744,0.5,2,2,0,0,0,1,0,0,0,0,0,0,1,0,0,0
146,2,2,62649,0.5,15,2,0,0,0,1,0,0,0,0,0,0,0,0,1,0
147,2,2,90000,1.0,355,3,0,0,0,1,0,0,0,0,1,0,0,0,0,0
148,2,3,153000,1.0,355,3,0,0,0,1,0,0,0,0,1,0,0,0,0,0
149,2,3,160000,1.0,355,1,0,0,0,1,0,0,0,0,1,0,0,0,0,1
150,2,3,168000,0.0,6,1,1,0,0,1,0,0,0,0,0,1,0,0,0,0
151,2,2,150000,1.0,355,2,0,0,0,1,0,0,0,0,0,1,0,0,0,0
152,2,2,75774,1.0,30,3,0,0,0,1,0,0,0,0,0,1,0,0,0,0
153,2,1,13400,1.0,1,3,0,0,0,1,0,0,0,0,0,1,0,0,0,0
154,2,3,144000,1.0,355,3,0,0,0,1,0,0,0,0,0,1,0,0,0,0
155,2,3,127221,0.5,30,3,0,0,0,1,0,0,0,0,0,1,0,0,0,0
156,2,2,119059,1.0,1,2,0,0,0,1,0,0,0,0,0,1,0,0,0,1
157,2,2,423000,0.5,355,3,0,0,0,1,0,0,0,0,0,0,1,0,0,0
158,2,3,120000,1.0,355,2,0,0,0,1,0,0,1,0,0,0,0,0,0,0
159,2,1,125000,1.0,355,1,0,0,0,1,0,0,0,0,0,0,1,0,0,0
160,2,4,230000,0.5,2,3,1,0,0,1,0,0,0,0,0,0,0,1,0,0
161,2,4,85000,0.0,2,2,1,0,0,1,0,0,0,0,0,1,0,0,0,0
162,2,2,28369,0.5,1,3,0,0,0,1,0,0,0,0,1,0,0,0,0,0
163,2,1,63831,0.5,28,3,0,0,0,1,0,0,0,0,0,1,0,0,0,0
164,2,4,130026,0.5,28,2,1,0,0,1,0,0,0,0,0,1,0,0,0,0
165,2,3,165000,1.0,355,3,0,0,0,1,0,0,0,0,0,0,0,1,0,0
166,2,1,80000,1.0,355,3,0,0,0,1,0,0,0,0,1,0,0,0,0,0
167,2,4,250000,0.0,355,3,1,0,0,1,0,0,0,0,0,1,0,0,0,0
168,2,1,55000,0.5,355,1,0,0,0,1,0,0,1,0,0,0,0,0,0,0
169,2,2,150000,1.0,355,3,0,0,0,1,0,0,0,0,1,0,0,0,0,0
170,2,2,170000,1.0,355,3,0,0,0,1,0,0,0,0,1,0,0,0,0,0
171,2,2,82528,1.0,47,3,0,0,0,1,0,0,0,0,1,0,0,0,0,0
172,2,1,60000,1.0,355,1,0,0,0,1,0,0,1,0,0,0,0,0,0,0
173,2,3,235000,1.0,355,3,1,0,0,1,0,0,0,0,0,1,0,0,0,0
174,2,3,60757,0.5,4,3,0,0,0,1,0,0,0,0,0,0,0,0,1,0
175,2,3,174000,1.0,355,3,0,0,0,1,0,0,0,0,1,0,0,0,0,0
176,2,2,2859,0.0,3,1,0,0,0,1,0,0,0,0,0,1,0,0,0,0
177,2,2,40038,1.0,1,3,0,0,0,1,0,0,0,0,0,1,0,0,0,0
178,2,1,81000,0.5,355,1,0,0,0,1,0,0,0,0,0,0,1,0,0,0
179,2,2,5679,1.0,355,1,0,0,0,1,0,0,0,0,0,1,0,0,0,1
180,2,2,22611,0.0,24,3,0,0,0,1,0,0,0,0,1,0,0,0,0,0
181,2,2,90734,0.5,28,3,0,0,0,1,0,0,0,0,0,1,0,0,0,0
182,2,2,26005,0.0,355,3,0,0,0,1,0,0,0,0,1,0,0,0,0,1
183,2,3,61896,0.5,47,3,0,0,0,1,0,0,1,0,0,0,0,0,0,0
184,2,2,12000,0.5,3,2,0,0,1,0,0,0,0,0,0,0,1,0,0,0
185,2,2,4000,1.0,1,2,0,0,0,1,0,0,0,0,1,0,0,0,0,0
186,2,3,50000,1.0,47,2,0,0,0,1,0,0,1,0,0,0,0,0,0,1
187,2,4,69741,1.0,14,1,0,0,0,1,0,0,0,0,0,1,0,0,0,1
188,2,3,76833,0.5,47,1,0,0,0,1,0,0,0,0,1,0,0,0,0,1
189,2,2,74000,0.5,6,1,0,0,0,1,0,0,0,0,0,0,1,0,0,0
190,2,3,152000,1.0,15,3,0,0,0,1,0,0,0,0,0,1,0,0,0,1
191,2,1,21844,0.5,1,2,0,0,0,1,0,0,0,0,0,0,1,0,0,0
192,2,2,18000,0.0,1,1,0,0,0,1,0,0,0,0,1,0,0,0,0,0
193,2,3,174000,1.0,355,3,0,0,0,1,0,0,0,0,0,1,0,0,0,0
194,2,3,96113,0.5,30,3,0,0,0,1,0,0,0,0,0,0,0,0,1,0
195,2,2,147000,0.5,355,3,0,0,0,1,0,0,0,0,0,1,0,0,0,0
196,2,1,9272,1.0,1,1,0,0,0,1,0,0,1,0,0,0,0,0,0,0
197,2,3,24342,1.0,24,3,0,0,0,1,0,0,0,0,0,0,1,0,0,0
198,2,3,54094,0.5,355,3,0,0,0,1,0,0,0,0,0,1,0,0,0,1
199,2,1,90000,1.0,355,1,0,0,0,1,0,0,0,0,0,1,0,0,0,0
200,2,2,61467,0.5,4,2,0,0,0,1,0,0,0,0,0,1,0,0,0,1
201,2,3,195000,1.0,355,2,0,0,0,1,0,0,0,0,0,0,1,0,0,0
202,2,2,37825,1.0,14,3,0,0,0,1,0,0,0,0,0,1,0,0,0,0
203,2,3,50000,1.0,355,1,0,0,0,1,0,0,0,0,0,0,0,0,1,1
204,2,2,160000,1.0,355,3,0,0,0,1,0,0,0,0,0,1,0,0,0,0
205,2,2,12901,0.0,3,1,0,0,0,1,0,0,0,0,0,1,0,0,0,0
206,2,3,200000,1.0,355,3,0,0,0,1,0,0,0,0,0,0,1,0,0,0
207,2,3,165000,0.0,355,2,0,0,0,1,0,0,0,0,1,0,0,0,0,0
208,2,2,20000,0.0,355,3,0,0,1,0,0,0,0,0,1,0,0,0,0,1
209,2,3,120000,0.0,355,3,0,0,0,1,0,0,1,0,0,0,0,0,0,0
210,2,2,24823,0.5,2,3,0,0,0,1,0,0,0,0,0,0,1,0,0,0
211,2,2,56738,0.5,15,1,0,0,0,1,0,0,0,0,0,0,0,0,1,0
212,2,2,66022,0.5,47,1,0,0,0,1,0,0,0,0,1,0,0,0,0,1
213,2,1,5882,0.0,2,3,0,0,0,1,0,0,0,0,1,0,0,0,0,1
214,2,1,24823,0.5,28,2,0,0,0,1,0,0,0,0,0,0,1,0,0,0
215,2,3,185000,1.0,355,3,1,0,0,1,0,0,0,0,1,0,0,0,0,0
216,2,1,28609,0.5,3,1,0,0,0,0,1,0,0,1,0,0,0,0,0,0
217,2,2,90734,0.5,28,3,0,0,0,1,0,0,0,0,0,1,0,0,0,0
218,2,2,88654,1.0,2,2,0,0,0,1,0,0,0,0,0,0,1,0,0,0
219,2,3,140000,1.0,355,3,0,0,0,1,0,0,1,0,0,0,0,0,0,0
220,2,2,46597,1.0,4,3,0,0,0,1,0,0,0,0,0,0,1,0,0,0
221,2,2,116914,0.5,47,3,0,0,0,1,0,0,0,0,0,1,0,0,0,0
222,2,2,33808,0.0,24,2,0,0,0,1,0,0,0,0,0,1,0,0,0,0
223,2,2,56256,0.5,47,3,0,0,0,1,0,0,0,0,0,1,0,0,0,0
224,2,3,225000,1.0,30,3,0,0,0,1,0,0,0,0,0,0,1,0,0,1
225,2,4,416000,1.0,355,1,1,1,0,0,0,0,0,0,0,1,0,0,0,0
226,2,3,87738,1.0,30,1,0,0,0,1,0,0,0,0,0,1,0,0,0,0
227,2,2,88654,0.5,28,3,0,0,0,1,0,0,0,0,0,1,0,0,0,0
228,2,3,135000,0.0,355,3,0,0,0,1,0,0,0,0,0,1,0,0,0,0
229,2,3,71786,1.0,30,2,0,0,0,1,0,0,1,0,0,0,0,0,0,0
230,2,1,16228,1.0,24,3,0,0,0,1,0,0,0,0,1,0,0,0,0,0
231,2,3,256000,1.0,355,1,0,0,0,1,0,0,0,0,0,0,1,0,0,0
232,2,3,200000,1.0,355,3,1,0,0,1,0,0,0,0,1,0,0,0,0,0
233,2,3,200000,1.0,355,3,0,0,0,1,0,0,1,0,0,0,0,0,0,0
234,2,2,180000,1.0,355,3,0,0,0,1,0,0,0,0,1,0,0,0,0,0
235,2,2,110000,0.0,355,1,1,0,0,1,0,0,0,0,0,1,0,0,0,0
236,2,2,63810,1.0,30,2,0,0,0,1,0,0,0,0,0,0,0,0,1,0
237,2,2,46809,1.0,14,2,0,0,0,1,0,0,0,0,0,1,0,0,0,0
238,2,1,4000,0.0,1,2,0,0,0,1,0,0,0,0,0,1,0,0,0,0
239,2,1,21637,0.5,24,2,0,0,0,1,0,0,0,0,1,0,0,0,0,0
240,2,3,103691,1.0,30,3,0,0,0,1,0,0,0,0,0,1,0,0,0,0
241,2,2,80000,1.0,355,3,0,0,0,1,0,0,1,0,0,0,0,0,0,0
242,2,2,110000,1.0,355,3,0,0,0,1,0,0,0,0,1,0,0,0,0,0
243,2,3,165000,1.0,355,3,0,0,0,1,0,0,0,0,0,1,0,0,0,0
244,2,1,18053,1.0,1,1,0,0,0,1,0,1,0,0,0,0,0,0,0,1
245,2,2,72212,0.5,47,3,0,0,0,1,0,0,0,0,1,0,0,0,0,0
246,2,1,36643,0.5,15,3,0,0,0,1,0,0,0,0,0,1,0,0,0,0
247,2,2,12103,0.0,3,2,0,0,0,1,0,0,0,0,1,0,0,0,0,0
248,2,3,96282,0.5,47,3,0,0,0,1,0,0,0,0,1,0,0,0,0,0
249,2,3,170000,1.0,355,2,1,0,0,1,0,0,1,0,0,0,0,0,0,0
250,2,2,115000,0.5,355,3,0,0,0,1,0,0,0,0,0,1,0,0,0,0
251,2,1,90000,1.0,355,1,0,0,0,1,0,0,0,0,0,1,0,0,0,0
252,2,4,600000,1.0,355,3,1,0,0,1,0,0,0,0,1,0,0,0,0,0
253,2,1,28399,1.0,24,2,0,0,0,1,0,0,0,0,0,1,0,0,0,0
254,2,2,93000,1.0,355,3,0,0,0,1,0,0,1,0,0,0,0,0,0,0
255,2,3,99703,0.5,30,2,0,0,0,1,0,0,0,0,1,0,0,0,0,0
256,2,2,200000,1.0,355,3,0,0,0,1,0,0,0,0,1,0,0,0,0,0
257,2,3,173762,1.0,28,2,1,0,0,1,0,0,0,0,0,1,0,0,0,0
258,2,3,185000,0.5,355,3,0,0,0,1,0,0,0,0,0,0,1,0,0,0
259,2,4,141846,0.0,28,3,1,0,0,1,0,0,0,0,0,1,0,0,0,0
260,2,2,130000,0.5,355,3,0,0,0,1,0,0,0,0,0,1,0,0,0,0
261,2,3,63831,0.5,28,3,0,0,0,1,0,0,1,0,0,0,0,0,0,0
262,2,2,16904,1.0,24,1,0,0,0,1,0,0,0,0,0,1,0,0,0,0
263,2,3,66265,0.0,24,3,0,0,0,1,0,0,0,0,0,0,1,0,0,0
264,2,2,25532,1.0,28,1,0,0,0,1,0,0,0,0,0,1,0,0,0,1
265,2,3,160000,0.5,355,1,1,0,0,1,0,0,0,0,1,0,0,0,0,1
266,2,2,93150,0.0,355,2,0,0,0,1,0,0,0,0,1,0,0,0,0,0
267,2,2,111775,0.0,355,2,0,0,0,1,0,0,0,0,1,0,0,0,0,0
268,2,2,28016,1.0,3,2,0,0,0,1,0,0,0,0,1,0,0,0,0,0
269,2,1,65013,0.5,28,2,0,0,0,1,0,0,0,0,1,0,0,0,0,0
270,2,1,72500,1.0,355,3,0,0,0,1,0,0,0,0,1,0,0,0,0,0
271,2,3,18907,0.0,3,2,0,0,0,1,0,0,0,1,0,0,0,0,0,0
272,2,1,76833,0.0,28,3,0,0,0,1,0,0,0,0,0,1,0,0,0,0
273,2,1,85000,1.0,28,1,0,0,0,1,0,0,0,0,0,0,1,0,0,1
274,2,3,77684,0.5,15,2,0,0,0,1,0,0,0,0,0,1,0,0,0,0
275,2,1,100000,1.0,355,2,0,0,0,1,0,0,0,0,0,1,0,0,0,0
276,2,1,58000,0.5,355,3,0,0,0,1,0,0,0,0,0,1,0,0,0,0
277,2,3,55000,1.0,14,3,0,0,0,1,0,1,0,0,0,0,0,0,0,0
278,2,3,20171,0.5,3,3,0,0,0,1,0,0,0,0,0,1,0,0,0,0
279,2,1,59102,1.0,3,3,0,0,0,1,0,0,1,0,0,0,0,0,0,0
280,2,2,112000,1.0,355,3,0,0,0,1,0,0,0,0,1,0,0,0,0,0
281,2,1,100000,0.0,2,3,0,0,0,1,0,0,0,0,0,0,0,0,1,1
282,2,2,69741,1.0,4,3,0,0,0,0,1,0,0,0,1,0,0,0,0,0
283,2,3,105000,1.0,355,2,0,1,0,0,0,0,0,0,0,1,0,0,0,0
284,2,2,69999,0.5,2,3,0,0,0,1,0,0,0,0,0,0,0,0,1,0
285,2,3,94665,0.5,24,3,0,0,0,1,0,0,0,0,0,1,0,0,0,0
286,2,3,102839,1.0,2,3,1,0,0,1,0,0,0,0,0,0,0,1,0,0
287,2,2,109000,0.5,355,3,0,0,0,1,0,0,0,0,0,1,0,0,0,0
288,2,2,51064,0.5,2,3,0,0,0,1,0,0,0,0,0,0,1,0,0,0
289,3,3,135000,1.0,355,2,0,0,0,1,0,0,0,0,1,0,0,0,0,0
290,3,3,155000,1.0,355,2,0,0,0,1,0,0,1,0,0,0,0,0,0,0
291,3,3,120600,1.0,355,2,0,0,0,1,0,0,1,0,0,0,0,0,0,0
292,3,2,130000,0.0,355,2,0,0,0,1,0,0,0,0,0,1,0,0,0,0
293,3,2,90000,0.0,355,2,0,0,0,1,0,0,0,0,0,1,0,0,0,0
294,3,2,170000,1.0,355,2,0,0,0,1,0,0,0,0,1,0,0,0,0,0
295,3,2,150000,1.0,355,2,0,0,0,1,0,0,0,0,1,0,0,0,0,0
296,3,3,102100,1.0,355,2,0,0,0,1,0,0,1,0,0,0,0,0,0,0
297,3,3,84900,1.0,355,2,0,0,0,1,0,0,1,0,0,0,0,0,0,0
298,3,3,136620,1.0,355,2,0,0,0,1,0,0,0,0,0,1,0,0,0,0
299,3,3,99360,1.0,355,2,0,0,0,1,0,0,0,0,0,1,0,0,0,0
300,3,3,117789,0.0,47,2,0,0,0,1,0,0,0,0,0,1,0,0,0,0
301,3,3,104702,0.0,47,2,0,0,0,1,0,0,0,0,0,1,0,0,0,0
302,3,3,146000,1.0,355,2,0,0,0,1,0,0,0,0,0,1,0,0,0,0
303,3,3,123000,1.0,355,2,0,0,0,1,0,0,0,0,0,1,0,0,0,0
304,3,1,52351,1.0,47,2,0,0,0,1,0,0,0,0,1,0,0,0,0,0
305,3,3,99000,0.0,355,2,0,0,0,1,0,0,1,0,0,0,0,0,0,0
306,3,3,116000,0.0,355,2,0,0,0,1,0,0,1,0,0,0,0,0,0,0
307,3,2,106260,0.0,355,2,0,0,0,1,0,0,1,0,0,0,0,0,0,0
308,3,2,126500,0.0,355,2,0,0,0,1,0,0,1,0,0,0,0,0,0,0
309,3,4,242000,1.0,355,2,0,0,0,1,0,0,0,0,1,0,0,0,0,0
310,3,4,200000,1.0,355,2,0,0,0,1,0,0,0,0,1,0,0,0,0,0
311,3,2,65438,0.0,47,2,0,0,0,1,0,0,0,0,0,1,0,0,0,0
312,3,2,39263,0.0,47,2,0,0,0,1,0,0,0,0,0,1,0,0,0,0
313,3,2,78526,0.0,47,2,0,0,0,1,0,0,0,0,1,0,0,0,0,0
314,3,2,52351,0.0,47,2,0,0,0,1,0,0,0,0,1,0,0,0,0,0
315,3,3,165220,1.0,355,2,0,0,0,1,0,0,0,0,0,1,0,0,0,0
316,3,1,45807,1.0,47,2,0,0,0,1,0,0,0,0,1,0,0,0,0,0
317,3,3,120160,1.0,355,2,0,0,0,1,0,0,0,0,0,1,0,0,0,0
318,3,3,90320,1.0,355,2,0,0,0,1,0,0,1,0,0,0,0,0,0,0
319,3,3,181940,0.0,355,2,0,0,0,1,0,0,0,0,1,0,0,0,0,0
320,3,3,132320,0.0,355,2,0,0,0,1,0,0,0,0,1,0,0,0,0,0
321,3,3,220110,0.0,355,2,0,0,0,1,0,0,0,0,1,0,0,0,0,0
322,3,3,160080,0.0,355,2,0,0,0,1,0,0,0,0,1,0,0,0,0,0
323,3,3,180000,0.0,355,3,0,0,0,1,0,0,0,0,0,1,0,0,0,0
324,3,3,120000,0.0,355,3,0,0,0,1,0,0,0,0,0,1,0,0,0,0
325,3,3,124190,1.0,355,2,0,0,0,1,0,0,1,0,0,0,0,0,0,0
326,3,4,130000,1.0,355,2,0,0,0,1,0,0,1,0,0,0,0,0,0,0
327,3,4,110000,1.0,355,2,0,0,0,1,0,0,1,0,0,0,0,0,0,0
328,3,3,170000,1.0,355,2,0,0,0,1,0,0,1,0,0,0,0,0,0,0
329,3,2,115500,1.0,355,2,0,0,0,1,0,0,1,0,0,0,0,0,0,0
330,3,3,112900,1.0,355,2,0,0,0,1,0,0,1,0,0,0,0,0,0,0
331,3,3,90320,1.0,355,2,0,0,0,1,0,0,1,0,0,0,0,0,0,0
332,3,3,112900,1.0,355,2,0,0,0,1,0,0,1,0,0,0,0,0,0,0
333,3,3,90320,1.0,355,2,0,0,0,1,0,0,1,0,0,0,0,0,0,0
334,3,3,165400,1.0,355,2,0,0,0,1,0,0,0,0,1,0,0,0,0,0
335,3,3,132320,1.0,355,2,0,0,0,1,0,0,0,0,1,0,0,0,0,0
336,3,2,167000,1.0,355,2,0,0,0,1,0,0,1,0,0,0,0,0,0,0
337,3,3,243900,1.0,355,2,0,0,0,1,0,0,0,0,1,0,0,0,0,0
338,3,3,136600,1.0,355,2,0,0,0,1,0,0,1,0,0,0,0,0,0,0
339,3,3,109280,1.0,355,2,0,0,0,1,0,0,1,0,0,0,0,0,0,0
340,3,3,128875,1.0,355,2,0,0,0,1,0,0,0,0,1,0,0,0,0,0
341,3,3,93700,1.0,355,2,0,0,0,1,0,0,0,0,1,0,0,0,0,0
342,3,4,224000,1.0,355,2,1,0,0,1,0,0,0,0,0,1,0,0,0,0
343,3,4,167875,1.0,355,2,1,0,0,1,0,0,0,0,0,1,0,0,0,0
344,3,4,175000,1.0,355,2,0,0,0,1,0,0,1,0,0,0,0,0,0,0
345,3,3,156600,1.0,355,2,0,0,0,1,0,0,0,0,1,0,0,0,0,0
346,3,3,108800,0.0,355,2,0,0,0,1,0,0,0,0,1,0,0,0,0,0
347,3,3,95550,0.0,355,2,0,0,0,1,0,0,0,0,0,1,0,0,0,0
348,3,3,113000,0.0,355,3,0,0,0,1,0,0,0,0,1,0,0,0,0,0
349,3,3,135000,1.0,355,2,0,0,0,1,0,0,1,0,0,0,0,0,0,0
350,3,3,161342,1.0,355,2,0,0,0,1,0,0,0,0,0,1,0,0,0,0
351,3,3,137141,1.0,355,2,0,0,0,1,0,0,0,0,0,1,0,0,0,0
352,3,3,167000,1.0,355,2,0,0,0,1,0,0,0,0,0,1,0,0,0,0
353,3,3,123000,1.0,355,2,0,0,0,1,0,0,0,0,0,1,0,0,0,0
354,3,3,78526,0.0,47,2,0,0,0,1,0,0,0,0,1,0,0,0,0,0
355,3,3,65438,0.0,47,2,0,0,0,1,0,0,0,0,1,0,0,0,0,0
356,3,3,150000,0.0,355,2,0,0,0,1,0,0,0,0,0,1,0,0,0,0
357,3,3,211500,1.0,355,2,0,0,0,1,0,0,0,0,0,1,0,0,0,0
358,3,3,192400,1.0,30,2,0,0,0,1,0,0,0,0,1,0,0,0,0,0
359,3,3,90700,1.0,30,2,0,0,0,1,0,0,0,0,1,0,0,0,0,0
360,3,3,130000,1.0,30,2,0,0,0,1,0,0,1,0,0,0,0,0,0,0
361,3,3,61300,1.0,30,2,0,0,0,1,0,0,1,0,0,0,0,0,0,0
362,3,3,130000,1.0,30,2,0,0,0,1,0,0,1,0,0,0,0,0,0,0
363,3,3,61300,1.0,30,2,0,0,0,1,0,0,1,0,0,0,0,0,0,0
364,3,3,160000,0.0,355,3,0,0,0,1,0,0,0,0,1,0,0,0,0,0
365,3,3,138600,1.0,355,2,0,0,0,1,0,0,0,0,0,1,0,0,0,0
366,3,3,136000,0.0,355,2,0,0,0,1,0,0,0,0,1,0,0,0,0,0
367,3,2,58000,0.0,355,1,0,0,0,1,0,0,1,0,0,0,0,0,0,0
368,3,4,135000,1.0,355,2,0,0,0,1,0,0,1,0,0,0,0,0,0,0
369,3,3,170000,1.0,355,2,0,0,0,1,0,0,0,0,0,1,0,0,0,0
370,3,3,123000,1.0,355,2,0,0,0,1,0,0,0,0,0,1,0,0,0,0
371,3,3,189650,0.0,355,2,0,0,0,1,0,0,0,0,0,0,1,0,0,0
372,3,3,164996,0.0,355,2,0,0,0,1,0,0,0,0,0,0,1,0,0,0
373,3,2,54957,0.0,11,2,0,0,0,1,0,0,0,0,1,0,0,0,0,0
374,3,2,54957,0.0,11,2,0,0,0,1,0,0,0,0,1,0,0,0,0,0
375,3,4,118187,1.0,30,1,1,0,0,1,0,0,0,0,1,0,0,0,0,0
376,3,3,132000,0.0,355,2,0,0,0,1,0,0,1,0,0,0,0,0,0,0
377,3,3,165400,1.0,355,2,0,0,0,1,0,0,0,0,1,0,0,0,0,0
378,3,3,208775,1.0,355,2,0,0,0,1,0,0,0,0,1,0,0,0,0,0
379,3,3,147800,1.0,355,2,0,0,0,1,0,0,0,0,1,0,0,0,0,0
380,3,3,136994,1.0,355,2,0,0,0,1,0,0,0,0,1,0,0,0,0,0
381,3,3,101570,1.0,355,2,0,0,0,1,0,0,0,0,1,0,0,0,0,0
382,3,3,128875,1.0,355,2,0,0,0,1,0,0,1,0,0,0,0,0,0,0
383,3,3,93700,1.0,355,2,0,0,0,1,0,0,1,0,0,0,0,0,0,0
384,3,4,79039,0.5,24,3,1,0,0,1,0,0,0,0,0,0,1,0,0,0
385,3,3,132320,1.0,355,2,0,0,0,1,0,0,0,0,1,0,0,0,0,0
386,3,1,37300,1.0,47,3,0,0,0,1,0,0,0,0,0,0,1,0,0,0
387,3,3,164000,0.0,355,2,0,0,0,1,0,0,1,0,0,0,0,0,0,0
388,3,3,155000,1.0,355,2,0,0,0,1,0,0,0,0,1,0,0,0,0,0
389,3,2,124333,0.0,47,2,0,0,0,1,0,0,0,0,0,0,1,0,0,0
390,3,2,98158,0.0,47,2,0,0,0,1,0,0,0,0,0,0,1,0,0,0
391,3,2,120000,0.0,355,2,0,0,0,1,0,1,0,0,0,0,0,0,0,0
392,3,3,112900,1.0,355,2,0,0,0,1,0,0,1,0,0,0,0,0,0,0
393,3,3,90320,1.0,355,2,0,0,0,1,0,0,1,0,0,0,0,0,0,0
394,3,3,145000,1.0,355,2,0,0,0,1,0,0,1,0,0,0,0,0,0,0
395,3,3,105400,1.0,355,2,0,0,0,1,0,0,1,0,0,0,0,0,0,0
396,3,2,87932,1.0,28,2,0,0,0,1,0,0,0,0,0,0,1,0,0,1
397,3,2,117789,0.0,47,2,0,0,0,1,0,0,0,0,1,0,0,0,0,0
398,3,3,215300,1.0,355,3,0,0,0,1,0,0,0,0,0,1,0,0,0,0
399,3,3,158200,1.0,355,3,0,0,0,1,0,0,0,0,0,1,0,0,0,0
400,3,3,209100,1.0,355,3,0,0,0,1,0,0,0,0,1,0,0,0,0,0
401,3,3,154600,1.0,355,3,0,0,0,1,0,0,0,0,1,0,0,0,0,0
402,3,3,115934,0.0,355,2,0,0,0,1,0,0,1,0,0,0,0,0,0,0
403,3,3,81666,0.0,355,2,0,0,0,1,0,0,1,0,0,0,0,0,0,0
404,3,3,175000,1.0,355,2,0,0,0,1,0,0,0,0,1,0,0,0,0,0
405,3,2,98158,0.0,47,2,0,0,0,1,0,0,0,0,1,0,0,0,0,0
406,3,2,58000,0.0,355,1,0,0,0,1,0,0,1,0,0,0,0,0,0,0
407,3,3,183600,1.0,355,3,0,0,0,1,0,0,0,0,1,0,0,0,0,0
408,3,2,52351,1.0,47,2,0,0,0,1,0,0,1,0,0,0,0,0,0,0
409,3,3,180000,1.0,355,2,0,0,0,1,0,0,0,0,0,1,0,0,0,0
410,3,2,71982,0.0,47,2,0,0,0,1,0,0,0,0,0,1,0,0,0,0
411,3,2,45807,0.0,47,2,0,0,0,1,0,0,0,0,0,1,0,0,0,0
412,3,2,65949,1.0,11,2,0,0,0,1,0,0,0,0,1,0,0,0,0,0
413,3,2,49461,1.0,11,2,0,0,0,1,0,0,0,0,1,0,0,0,0,0
414,3,2,78526,1.0,47,2,0,0,0,1,0,0,0,0,1,0,0,0,0,0
415,3,2,58894,1.0,47,2,0,0,0,1,0,0,0,0,1,0,0,0,0,0
416,3,3,260000,1.0,355,2,0,0,0,1,0,0,0,0,0,1,0,0,0,0
417,3,3,60000,1.0,3,3,0,0,0,1,0,0,0,0,0,1,0,0,0,1
418,3,2,63900,0.0,355,2,0,0,0,1,0,0,0,0,1,0,0,0,0,0
419,3,2,160000,1.0,355,3,0,0,0,1,0,0,0,0,0,0,1,0,0,0
420,3,2,112300,1.0,355,3,0,0,0,1,0,0,0,0,0,0,1,0,0,0
421,3,2,241000,1.0,355,2,0,0,0,1,0,0,0,0,0,1,0,0,0,0
422,3,2,159000,1.0,355,2,0,0,0,1,0,0,0,0,0,1,0,0,0,0
423,3,3,180000,0.0,355,2,0,0,0,1,0,0,0,0,0,1,0,0,0,0
424,3,3,80000,0.0,355,2,0,0,0,1,0,0,0,0,0,1,0,0,0,0
425,3,2,82900,0.0,355,2,0,0,0,1,0,0,0,0,1,0,0,0,0,0
426,3,3,100800,1.0,355,3,0,0,0,1,0,0,0,0,1,0,0,0,0,0
427,3,2,49461,1.0,14,2,0,0,0,1,0,0,0,0,1,0,0,0,0,0
428,3,3,140400,0.0,355,3,0,0,0,1,0,0,0,0,0,1,0,0,0,0
429,3,2,39263,1.0,47,2,0,0,0,1,0,0,1,0,0,0,0,0,0,0
430,3,2,43966,1.0,14,2,0,0,0,1,0,0,1,0,0,0,0,0,0,0
431,3,2,32974,1.0,14,2,0,0,0,1,0,0,1,0,0,0,0,0,0,0
432,3,2,87932,1.0,14,2,0,0,0,1,0,0,0,0,1,0,0,0,0,0
433,3,2,76940,1.0,14,2,0,0,0,1,0,0,0,0,1,0,0,0,0,0
434,3,2,104702,1.0,47,2,0,0,0,1,0,0,0,0,1,0,0,0,0,0
435,3,2,91614,1.0,47,2,0,0,0,1,0,0,0,0,1,0,0,0,0,0
436,3,2,65949,1.0,14,2,0,0,0,1,0,0,0,0,1,0,0,0,0,0
437,3,2,87932,1.0,11,2,0,0,0,1,0,0,0,0,1,0,0,0,0,0
438,3,3,189650,0.0,355,2,0,0,0,1,0,0,0,0,0,0,1,0,0,0
439,3,3,164996,0.0,355,2,0,0,0,1,0,0,0,0,0,0,1,0,0,0
440,3,2,43966,1.0,11,2,0,0,0,1,0,0,1,0,0,0,0,0,0,0
441,3,2,32974,1.0,11,2,0,0,0,1,0,0,1,0,0,0,0,0,0,0
442,3,2,98158,1.0,47,2,0,0,0,1,0,0,0,0,1,0,0,0,0,0
443,3,2,78526,1.0,47,2,0,0,0,1,0,0,0,0,1,0,0,0,0,0
444,3,3,215300,0.0,355,3,0,0,0,1,0,0,0,0,0,1,0,0,0,0
445,3,2,76940,1.0,11,2,0,0,0,1,0,0,0,0,1,0,0,0,0,0
446,3,3,209100,1.0,355,3,0,0,0,1,0,0,0,0,1,0,0,0,0,0
447,3,3,154600,1.0,355,3,0,0,0,1,0,0,0,0,1,0,0,0,0,0
448,3,3,180000,1.0,355,2,0,0,0,1,0,0,0,0,1,0,0,0,0,0
449,3,1,21983,1.0,4,3,0,0,0,1,0,0,0,0,0,0,1,0,0,0
450,3,3,80000,1.0,355,2,0,0,0,1,0,0,0,0,1,0,0,0,0,0
451,3,2,78791,1.0,30,2,0,0,0,1,0,0,0,0,0,0,1,0,0,0
452,3,4,196979,0.5,30,3,1,0,0,1,0,0,0,0,0,1,0,0,0,0
453,3,2,120000,1.0,355,1,0,0,0,1,0,0,0,0,0,0,1,0,0,0
454,3,1,125000,0.0,355,2,0,0,0,1,0,0,0,1,0,0,0,0,0,0
455,3,2,37236,0.5,355,3,0,0,0,1,0,0,0,0,0,0,0,1,0,0
456,3,3,105000,1.0,355,2,0,0,0,1,0,0,0,0,1,0,0,0,0,0
457,3,3,87932,0.0,28,2,1,0,0,1,0,0,0,0,0,0,1,0,0,0
458,3,2,18442,1.0,24,2,0,0,0,1,0,0,1,0,0,0,0,0,0,0
459,3,2,31615,1.0,24,3,0,0,0,1,0,0,0,0,0,1,0,0,0,0
460,3,2,58255,0.5,4,3,0,0,0,1,0,0,0,0,0,0,1,0,0,0
461,3,1,100000,0.5,355,3,0,0,0,1,0,0,1,0,0,0,0,0,0,0
462,3,2,54957,0.5,28,3,0,0,0,0,1,0,0,0,1,0,0,0,0,0
463,3,1,18442,1.0,24,2,0,0,0,1,0,0,0,0,0,1,0,0,0,0
464,3,3,162674,1.0,28,2,1,0,0,1,0,0,0,0,0,1,0,0,0,0
465,3,1,120000,1.0,355,2,0,0,0,1,0,0,0,0,1,0,0,0,0,0
466,3,3,144000,0.5,355,3,0,0,0,1,0,0,0,0,0,0,0,0,1,0
467,3,3,104890,1.0,355,2,0,0,0,1,0,0,0,0,0,1,0,0,0,0
468,3,3,100000,1.0,355,2,0,0,0,1,0,0,0,0,1,0,0,0,0,0
469,3,3,140000,1.0,355,2,0,0,0,1,0,0,0,0,0,1,0,0,0,0
470,3,2,135000,1.0,355,2,0,0,0,1,0,0,1,0,0,0,0,0,0,0
471,3,2,50000,1.0,355,2,0,0,0,1,0,0,1,0,0,0,0,0,0,0
472,3,3,220000,1.0,355,2,0,0,0,1,0,0,0,0,0,1,0,0,0,0
473,3,3,140000,1.0,355,2,0,0,0,1,0,0,0,0,0,1,0,0,0,0
474,3,2,183228,0.0,47,2,0,0,0,1,0,0,0,0,0,1,0,0,0,0
475,3,2,91614,0.0,47,2,0,0,0,1,0,0,0,0,0,1,0,0,0,0
476,3,3,185100,1.0,355,2,0,0,0,1,0,0,0,0,0,1,0,0,0,0
477,3,3,220000,1.0,355,2,0,0,0,1,0,0,0,0,0,0,1,0,0,0
478,3,2,200000,1.0,355,2,0,0,0,1,0,0,0,0,0,1,0,0,0,0
479,3,2,120000,1.0,355,2,0,0,0,1,0,0,0,0,0,1,0,0,0,0
480,3,3,120000,1.0,3,1,0,0,0,1,0,0,0,0,0,0,1,0,0,0
481,3,3,65000,1.0,3,1,0,0,0,1,0,0,0,0,0,0,1,0,0,0
482,3,4,324000,1.0,355,2,0,0,0,1,0,0,0,0,1,0,0,0,0,0
483,3,4,216000,1.0,355,2,0,0,0,1,0,0,0,0,1,0,0,0,0,0
484,3,3,210000,1.0,355,2,0,0,0,1,0,0,0,0,1,0,0,0,0,0
485,3,3,120000,1.0,355,2,0,0,0,1,0,0,0,0,0,0,1,0,0,0
486,3,3,230000,1.0,355,2,0,0,0,1,0,0,0,0,0,1,0,0,0,0
487,3,1,100000,0.5,1,2,0,0,0,0,1,0,0,0,0,1,0,0,0,0
488,3,2,100000,1.0,355,2,0,0,1,0,0,0,0,0,0,1,0,0,0,1
489,3,1,31875,1.0,2,2,0,1,0,0,0,0,0,0,0,0,1,0,0,1
490,3,3,200000,1.0,355,2,1,0,0,1,0,0,0,0,0,0,0,1,0,1
491,3,2,75000,1.0,30,1,1,0,0,1,0,0,1,0,0,0,0,0,0,0
492,3,2,35590,1.0,4,3,0,0,0,1,0,0,0,0,0,1,0,0,0,0
493,3,3,78791,1.0,30,2,0,0,0,1,0,0,0,0,0,0,1,0,0,0
494,3,3,100000,1.0,355,2,0,0,0,1,0,0,0,0,0,1,0,0,0,1
495,3,2,153000,0.5,355,2,0,0,0,1,0,0,0,0,0,0,1,0,0,0
496,3,1,58035,1.0,28,2,0,0,0,1,0,0,0,0,1,0,0,0,0,1
497,3,3,165000,1.0,355,2,0,0,0,1,0,0,0,0,0,1,0,0,0,0
498,3,3,93427,0.5,15,3,0,0,0,1,0,0,0,0,0,0,0,0,1,0
499,3,1,52396,1.0,30,3,0,0,0,1,0,0,0,0,0,1,0,0,0,0
500,3,3,62651,1.0,4,3,0,0,0,1,0,0,0,0,0,0,1,0,0,0
501,3,2,32974,1.0,1,1,1,0,0,1,0,0,0,0,0,0,0,1,0,0
502,3,1,40000,1.0,1,3,0,0,0,1,0,0,0,0,0,1,0,0,0,1
503,3,2,87425,1.0,3,3,0,0,0,1,0,0,0,0,0,0,1,0,0,0
504,3,3,115000,1.0,355,2,0,0,0,1,0,0,0,0,1,0,0,0,0,0
505,3,1,86703,0.5,3,2,0,0,0,1,0,0,0,0,0,1,0,0,0,0
506,3,2,75000,1.0,355,3,0,0,0,1,0,0,0,0,0,0,1,0,0,1
507,3,2,64849,0.0,4,3,0,0,0,1,0,0,0,0,0,0,0,0,1,0
508,3,1,120000,1.0,355,3,0,0,0,1,0,0,0,0,0,0,0,0,1,0
509,3,2,157000,1.0,355,3,0,0,0,1,0,0,0,0,0,1,0,0,0,0
510,3,1,150000,1.0,3,1,0,0,0,1,0,0,0,1,0,0,0,0,0,0
511,3,2,70912,0.5,30,3,0,0,0,1,0,0,1,0,0,0,0,0,0,0
512,3,1,65000,1.0,355,1,0,0,0,1,0,0,0,0,1,0,0,0,0,0
513,3,3,71444,1.0,1,1,0,0,0,1,0,0,0,0,0,0,1,0,0,0
514,3,1,20000,0.0,3,2,0,0,0,1,0,0,1,0,0,0,0,0,0,0
515,3,2,48000,1.0,355,1,0,0,0,1,0,0,0,0,0,1,0,0,0,1
516,3,3,152500,1.0,355,2,0,0,0,1,0,0,0,0,0,1,0,0,0,0
517,3,2,68147,1.0,15,2,0,0,0,1,0,0,0,0,1,0,0,0,0,0
518,3,2,122346,0.0,2,3,0,0,0,1,0,0,0,0,0,1,0,0,0,0
519,3,3,380000,1.0,355,3,0,0,0,1,0,0,0,0,0,1,0,0,0,0
520,3,2,69336,1.0,30,2,0,0,0,1,0,0,0,0,0,1,0,0,0,0
521,3,1,10000,1.0,3,2,0,0,0,1,0,0,0,1,0,0,0,0,0,1
522,3,2,20000,1.0,11,1,0,0,0,1,0,0,1,0,0,0,0,0,0,0
523,3,3,405000,1.0,355,3,1,0,0,1,0,0,1,0,0,0,0,0,0,0
524,3,2,135000,1.0,355,3,0,0,0,1,0,0,0,0,0,1,0,0,0,0
525,3,3,177000,1.0,355,3,0,0,0,1,0,0,0,0,0,1,0,0,0,0
526,3,2,78000,1.0,355,2,0,0,0,1,0,0,0,0,0,1,0,0,0,0
527,3,3,135000,1.0,355,2,0,0,0,1,0,0,1,0,0,0,0,0,0,0
528,3,3,100000,1.0,355,2,0,0,0,1,0,0,1,0,0,0,0,0,0,0
529,3,3,90320,1.0,355,2,0,0,0,1,0,0,1,0,0,0,0,0,0,0
530,3,2,85000,0.0,30,2,0,0,0,1,0,0,1,0,0,0,0,0,0,0
531,3,2,75000,0.0,30,2,0,0,0,1,0,0,1,0,0,0,0,0,0,0
532,3,3,214000,1.0,355,2,0,0,0,1,0,0,0,0,0,0,1,0,0,0
533,3,3,192600,1.0,355,2,0,0,0,1,0,0,0,0,0,0,1,0,0,0
534,3,3,266400,1.0,355,2,0,0,0,1,0,0,0,0,1,0,0,0,0,0
535,3,3,213120,1.0,355,2,0,0,0,1,0,0,0,0,1,0,0,0,0,0
536,3,3,112900,1.0,355,2,0,0,0,1,0,0,1,0,0,0,0,0,0,0
537,3,3,155000,1.0,355,2,0,0,0,1,0,0,0,0,1,0,0,0,0,0
538,3,2,141300,0.0,355,2,0,0,0,1,0,0,0,0,0,1,0,0,0,0
539,3,2,102100,0.0,355,2,0,0,0,1,0,0,0,0,0,1,0,0,0,0
540,3,3,115934,1.0,355,2,0,0,0,1,0,0,1,0,0,0,0,0,0,0
541,3,3,81666,1.0,355,2,0,0,0,1,0,0,1,0,0,0,0,0,0,0
542,3,2,206699,0.0,355,2,0,0,0,1,0,0,0,0,1,0,0,0,0,0
543,3,2,99100,0.0,355,2,0,0,0,1,0,0,0,0,1,0,0,0,0,0
544,3,3,130000,1.0,355,2,0,0,0,1,0,0,0,0,1,0,0,0,0,0
545,3,3,115000,1.0,355,2,0,0,0,1,0,0,0,0,1,0,0,0,0,0
546,3,3,110500,1.0,355,2,0,0,0,1,0,0,0,0,1,0,0,0,0,0
547,3,3,130000,1.0,355,2,0,0,0,1,0,0,0,0,1,0,0,0,0,0
548,3,3,99050,1.0,355,2,0,0,0,1,0,0,1,0,0,0,0,0,0,0
549,3,3,160000,1.0,355,2,0,0,0,1,0,0,0,0,1,0,0,0,0,0
550,3,3,205300,0.0,355,3,0,0,0,1,0,0,0,0,0,1,0,0,0,0
551,3,3,140400,0.0,355,3,0,0,0,1,0,0,0,0,0,1,0,0,0,0
552,3,3,176000,1.0,355,2,0,0,0,1,0,0,0,0,0,1,0,0,0,0
553,3,3,144000,1.0,355,2,0,0,0,1,0,0,0,0,0,1,0,0,0,0
554,3,3,200100,1.0,355,2,0,0,0,1,0,0,0,0,1,0,0,0,0,0
555,3,3,160000,1.0,355,2,0,0,0,1,0,0,0,0,1,0,0,0,0,0
556,3,3,145000,1.0,355,2,0,0,0,1,0,0,0,0,1,0,0,0,0,0
557,3,3,70500,0.0,355,2,0,0,0,1,0,0,0,0,1,0,0,0,0,0
558,3,3,205300,0.0,355,2,0,0,0,1,0,0,0,0,0,1,0,0,0,0
559,3,3,140400,0.0,355,2,0,0,0,1,0,0,0,0,0,1,0,0,0,0
560,3,3,205300,0.0,355,2,0,0,0,1,0,0,1,0,0,0,0,0,0,0
561,3,3,184700,0.0,355,2,0,0,0,1,0,0,1,0,0,0,0,0,0,0
562,3,3,175100,1.0,355,2,0,0,0,1,0,0,0,0,1,0,0,0,0,0
563,3,3,140250,1.0,355,2,0,0,0,1,0,0,0,0,1,0,0,0,0,0
564,3,3,116150,1.0,355,2,0,0,0,1,0,0,1,0,0,0,0,0,0,0
565,3,3,54000,0.0,355,2,0,0,0,1,0,0,0,0,1,0,0,0,0,0
566,3,3,170000,1.0,355,2,0,0,0,1,0,0,1,0,0,0,0,0,0,0
567,3,2,65438,0.0,47,2,0,0,0,1,0,0,1,0,0,0,0,0,0,0
568,3,3,80000,1.0,355,2,0,0,0,1,0,0,1,0,0,0,0,0,0,0
569,3,3,140000,1.0,355,2,0,0,0,1,0,0,0,0,0,1,0,0,0,0
570,3,3,210000,1.0,355,2,0,0,0,1,0,0,0,0,0,1,0,0,0,0
571,3,3,140000,1.0,355,2,0,0,0,1,0,0,0,0,0,1,0,0,0,0
572,3,3,100000,1.0,355,2,0,0,0,1,0,0,1,0,0,0,0,0,0,0
573,3,3,69000,1.0,355,2,0,0,0,1,0,0,1,0,0,0,0,0,0,0
574,3,3,210000,1.0,355,2,0,0,0,1,0,0,0,0,0,1,0,0,0,0
575,3,3,140000,1.0,355,2,0,0,0,1,0,0,0,0,0,1,0,0,0,0
576,3,3,210000,1.0,355,2,0,0,0,1,0,0,0,0,0,1,0,0,0,0
577,3,3,150075,1.0,355,2,0,0,0,1,0,0,1,0,0,0,0,0,0,0
578,3,3,100000,1.0,355,2,0,0,0,1,0,0,0,0,1,0,0,0,0,0
579,3,3,25000,1.0,355,2,0,0,0,1,0,0,0,0,1,0,0,0,0,0
580,3,3,126500,1.0,355,2,0,0,0,1,0,0,1,0,0,0,0,0,0,0
581,3,3,106260,1.0,355,2,0,0,0,1,0,0,1,0,0,0,0,0,0,0
582,3,3,220110,1.0,355,2,0,0,0,1,0,0,0,0,1,0,0,0,0,0
583,3,3,160080,1.0,355,2,0,0,0,1,0,0,0,0,1,0,0,0,0,0
584,3,3,105000,1.0,355,2,0,0,0,1,0,0,1,0,0,0,0,0,0,0
585,3,3,110925,1.0,355,2,0,0,0,1,0,0,1,0,0,0,0,0,0,0
586,3,2,45807,0.0,47,2,0,0,0,1,0,0,1,0,0,0,0,0,0,0
587,3,3,140000,1.0,355,2,0,0,0,1,0,0,0,0,0,1,0,0,0,0
588,3,3,99000,0.0,355,2,0,0,0,1,0,0,1,0,0,0,0,0,0,0
589,3,3,60000,1.0,355,2,0,0,0,1,0,0,1,0,0,0,0,0,0,0
590,3,3,192564,1.0,355,2,0,0,0,1,0,0,0,0,1,0,0,0,0,0
591,3,3,144854,1.0,355,2,0,0,0,1,0,0,0,0,1,0,0,0,0,0
592,3,3,230000,1.0,355,2,0,0,0,1,0,0,0,0,0,1,0,0,0,0
593,3,3,150000,1.0,355,2,0,0,0,1,0,0,0,0,0,1,0,0,0,0
594,3,3,150260,1.0,355,2,0,0,0,1,0,0,1,0,0,0,0,0,0,0
595,3,3,109280,1.0,355,2,0,0,0,1,0,0,1,0,0,0,0,0,0,0
596,3,3,210000,1.0,355,2,0,0,0,1,0,0,0,0,0,1,0,0,0,0
597,3,3,170000,1.0,355,2,0,0,0,1,0,0,1,0,0,0,0,0,0,0
598,3,2,160000,1.0,355,2,0,0,0,1,0,0,0,0,0,1,0,0,0,0
599,3,2,130000,1.0,355,2,0,0,0,1,0,0,0,0,0,1,0,0,0,0
600,3,1,67000,0.0,30,2,0,0,0,1,0,0,1,0,0,0,0,0,0,0
601,3,1,52000,0.0,30,2,0,0,0,1,0,0,1,0,0,0,0,0,0,0
602,3,3,154000,1.0,355,2,0,0,0,1,0,0,0,0,1,0,0,0,0,0
603,3,3,126000,1.0,355,2,0,0,0,1,0,0,0,0,1,0,0,0,0,0
604,3,3,129000,0.0,355,2,0,0,0,1,0,0,1,0,0,0,0,0,0,0
605,3,3,150000,1.0,355,2,0,0,0,1,0,0,1,0,0,0,0,0,0,0
606,3,2,200000,1.0,355,3,0,0,0,1,0,1,0,0,0,0,0,0,0,1
